objectid,filename,title,format,latitude,longitude,date,subject,location,creator,description,box,folder,publisher,youtubeid
1,cooley_fieldtrip_log_1.jpeg,Cooley Fieldtrip Log from July 1976,image/jpeg,,,1976-07-02,Field log; Textual records,"Gary, Indiana",Gilbert Cooley,"A field log from Cooley's meeting with ""Dr. Dorson and other members of the Gary Project"".",Box 6,Field Reports - Cooley (Kulii),Indiana University Archives,
2,cooley_field_logs_july_1976.pdf,Cooley Field Logs (July 1976),application/pdf,,,1976-07,Field log; Gallery; Textual records,"Gary, Indiana",Gilbert Cooley,"Written notes from Cooley of his various field trips within the Gary area. This includes the following: date of trip, tapes recorded, whether or not photographs were taken, an optional description of photographs taken, and any notes of interest.",Box 6,Field Reports - Cooley (Kulii),Indiana University Archives,
3,cooley_field_report.pdf,Cooley Field Report,application/pdf,,,1976-08-09,Field log; Field report; Gallery; Textual records,"Gary, Indiana",Gilbert Cooley,"Typed report of field work completed by Cooley, submitted to Dr. Dorson for the ""Research in Folklore"" course.",Box 6,Field Reports - Cooley (Kulii),Indiana University Archives,
4,cooley_field_logs_may_1976.pdf,Cooley Field Logs (May 1976),application/pdf,,,1976-05,Field log; Gallery; Textual records,"Gary, Indiana",Gilbert Cooley,"Written notes from Cooley of his various field trips within the Gary area. This includes the following: date of trip, tapes recorded, whether or not photographs were taken, an optional description of photographs taken, and any notes of interest.",Box 6,Field Reports - Cooley (Kulii),Indiana University Archives,
5,image0117.jpg,Dorson Field Report,image/jpeg,,,1977-04-19,Project Notes; Textual records,"Gary, Indiana",Richard Dorson,"List of Dr. Richard Dorson's students, talkers, and individuals within the Gary community.",Box 6,Field Reports - Dorson,Indiana University Archives,
6,mexican_independence_day.pdf,Newspaper Articles on Mexican Independence Day,application/pdf,,,1975-09-14,Newspaper; Gallery; Textual records,"East Chicago, Indiana",Philip George,Newspaper clippings recounting the celebration of Mexican Independence day in East Chicago,Box 6,Field Reports - George,Indiana University Archives,
7,george_field_logs.pdf,George Field Logs,application/pdf,,,1975,Field log; Gallery; Textual records,"Gary, Indiana",Philip George,"Written notes from George of his various field trips within the Gary area. This includes the following: date of trip, tapes recorded, whether or not photographs were taken, an optional description of photographs taken, and any notes of interest.",Box 6,Field Reports - George,Indiana University Archives,
8,image0081(2).jpg,Dorson Correspondence,image/jpeg,,,1978-03-21,"Correspondence; ""Jenny's"" Film; Textual records","Bloomington, Indiana",Richard Dorson,"Interdepartmental communication between Drs. Dorson and Stockton regarding the production of ""Jenny's.""",Box 6,Film Production - Jenny's,Indiana University Archives,
9,image0083(2).jpg,Dorson Correspondence,image/jpeg,,,1976-03-22,"Correspondence; ""Jenny's"" Film; Textual records",Unknown Location,Richard Dorson,Internal communication with the student-ran Audio Visual Center at Indiana University from Dr. Richard Dorson.,Box 6,Film Production - Jenny's,Indiana University Archives,
10,image0084(2).jpg,NEH Grant Approval Correspondence,image/jpeg,,,1978-04-09,"Correspondence; ""Jenny's"" Film; Textual records","Washington, D.C.",Stephen Miller,Correspondence between the National Endowment for the Humanities (NEH) and Indiana University.,Box 6,Film Production - Jenny's,Indiana University Archives,
11,image0085(2).jpg,Dorson Correspondence,image/jpeg,,,1977-01-25,"Correspondence; ""Jenny's"" Film; Textual records",Unknown Location,Richard Dorson,"Correspondence between Dr. Richard Dorson and the subjects of the film ""Jenny's.""",Box 6,Film Production - Jenny's,Indiana University Archives,
12,image0086(2).jpg,"Film Schedule for ""Jenny's""",image/jpeg,,,,"Field notes; ""Jenny's"" Film; Textual records",Unknown Location,Milan Bektesh,"Film schedule and storyboarding for ""Jenny's"".",Box 6,Film Production - Jenny's,Indiana University Archives,
13,image0088(2).jpg,George Correspondence,image/jpeg,,,1976-09-02,"Correspondence; ""Jenny's"" Film; Textual records",Unknown Location,Philip George,"Correspondence between Philip George and Inta Carpenter, assistant director of the Folklore Institute.",Box 6,Film Production - Jenny's,Indiana University Archives,
14,image0089(2).jpg,"Film Layout Proposal for ""Jenny's""",image/jpeg,,,1975-08,"""Jenny's"" Film; Textual records","Bloomington, Indiana",S. R. Sherman,"A proposed film layout for the upcoming film ""Jenny's"", including screen times, transitions, and individual scene contents.",Box 6,Film Production - Jenny's,Indiana University Archives,
15,image0090(2).jpg,"Bill of Materials for ""Jenny's"" Film",image/jpeg,,,1975-08,"""Jenny's"" Film; Textual records","Bloomington, Indiana",S. R. Sherman,"A bill of materials outlining the necessary equipment for the production of the ""Jenny's"" film in Gary, Indiana, including justifications for certain costs.",Box 6,Film Production - Jenny's,Indiana University Archives,
16,image0091(2).jpg,"Initial Reactions to ""Jenny's"" Film",image/jpeg,,,,"""Jenny's"" Film; Textual records",Unknown Location,Gilbert Cooley,"Some brief notes on initial thoughts & reactions towards ""Jenny's"" and some ideas on how it could be improved.",Box 6,Film Production - Jenny's,Indiana University Archives,
17,image0092(2).jpg,Agenda for Region Project,image/jpeg,,,,"""Jenny's"" Film; Textual records",Unknown Location,Unknown Creator,"An agenda of remaining tasks to prepare for the showing of ""Jenny's"" at the Hammond International Culture Festival.",Box 6,Film Production - Jenny's,Indiana University Archives,
18,image0093(2).jpg,Notes on Gary Project Meeting with Philip Stockton,image/jpeg,,,1976-03-16,"""Jenny's"" Film; Textual records",Unknown Location,Unknown Creator,"Notes on additional costs for the production of the film ""Jenny's"" from a meeting between an unknown individual and Philip Stockton. Included are descriptions of costs for specific needs, such as the printing of the film and cinematographers.",Box 6,Film Production - Jenny's,Indiana University Archives,
19,jennys_transcript_1.pdf,"Transcript from ""Jenny's"" Film 1st Cut",application/pdf,,,,"""Jenny's"" Film; Transcripts; Gallery; Textual records","Gary, Indiana",Loralyn Whitney,"A transcription from the first cut of the film ""Jenny's"".",Box 6,Film Production - Jenny's Transcript,Indiana University Archives,
20,jennys_transcript_2.pdf,"Transcript from ""Jenny's"" Film 2nd Cut",application/pdf,,,,"""Jenny's"" Film; Transcripts; Gallery; Textual records","Gary, Indiana",Loralyn Whitney,"A transcription from the second cut of the film ""Jenny's"".",Box 6,Film Production - Jenny's Transcript,Indiana University Archives,
21,jennys_transcript_3.pdf,"Transcript from ""Jenny's"" Film 3rd Cut",application/pdf,,,,"""Jenny's"" Film; Transcripts; Gallery; Textual records","Gary, Indiana",Loralyn Whitney,"A transcription from the third cut of the film ""Jenny's"".",Box 6,Film Production - Jenny's Transcript,Indiana University Archives,
22,calumet_region_project_transcript.pdf,Calumet Region Project Transcript Overview,application/pdf,,,,Calumet; Project Overview; Gallery; Textual records,"Gary, Indiana",Unknown Creator,A typed transcription describing the project of gathering urban folklore in the Calumet region of Northwestern Indiana.,Box 5,Calumet Region Project - March. R. Videotape Guide Books,Indiana University Archives,
23,ethnic_response_poster.pdf,"Film Poster for ""The Ethnic Response: Parish/Neighborhood Survival""",application/pdf,,,,Calumet; Posters; Gallery; Textual records,"Baltimore, Maryland",David Peeler,"A film poster for ""The Ethnic Response"", a color documentary about the survival of diaspora neighborhoods in the States.",Box 5,Calumet Region Project - March. R. Videotape Guide Books,Indiana University Archives,
24,image0198.jpg,List of Products for Folklore Video Production,image/jpeg,,,,Calumet; Textual records,Unknown Location,Unknown Creator,"A list of products for folklore film & documentary production of ethnic neighborhoods in Gary, Indiana.",Box 5,Calumet Region Project - March. R. Videotape Guide Books,Indiana University Archives,
25,image0200.jpg,Help Flyer for Folklore Video Collection,image/jpeg,,,,Calumet; Notices & Advertisements; Textual records,Unknown Location,Unknown Creator,A table of contents and some instructions for usage and care for some video casettes of folklore documentaries.,Box 5,Calumet Region Project - March. R. Videotape Guide Books,Indiana University Archives,
26,image0201.jpg,Table of Contents for a Folklore Documentary,image/jpeg,,,,Calumet; Textual records,Unknown Location,Unknown Creator,A table of contents for a folklore documentary tape.,Box 5,Calumet Region Project - March. R. Videotape Guide Books,Indiana University Archives,
27,image0202.jpg,Carpenter Correspondence,image/jpeg,,,1977-08-22,Correspondence; Textual records,"Bloomington, Indiana",Inta Carpenter,Interdepartmental correspondence between Inta Carpenter of the Folklore department and Ed Moss of the IU News Bureau. The correspondence included materials for the news bureau to put up about an upcoming conference.,Box 5,"Conference Announcements, Publicity",Indiana University Archives,
28,image0204.jpg,Flyer for the Urban Folklore Conference 1977,image/jpeg,,,1977-08,Notices & Advertisements; Urban Folklore Conference; Textual records,"Bloomington, Indiana",Unknown Creator,"An informational flyer advertising the upcoming Urban Folklore Conference at the Indiana Memorial Union on the IU campus, set to occur Friday and Saturday, September 2-3, 1977.",Box 5,"Conference Announcements, Publicity",Indiana University Archives,
29,image0205.jpg,Schedule for the Urban Folklore Conference 1977,image/jpeg,,,1977-08,Notices & Advertisements; Urban Folklore Conference; Textual records,"Bloomington, Indiana",Unknown Creator,The schedule for the Frangipani room in the Indiana Memorial Union for the 1977 Urban Folklore Conference at IU.,Box 5,"Conference Announcements, Publicity",Indiana University Archives,
30,image0209.jpg,"Announcement for the 1977 Urban Folklore Conference, 2",image/jpeg,,,1977-08,Notices & Advertisements; Urban Folklore Conference; Textual records,"Bloomington, Indiana",Richard Dorson,A typed announcement from Dr. Richard Dorson broadcasting news of the upcoming 1977 Urban Folklore Conference at IU.,Box 5,"Conference Announcements, Publicity",Indiana University Archives,
31,image0210.jpg,Internal Faculty Memo for the 1977 Urban Folklore Conference,image/jpeg,,,1977-08-11,Notices & Advertisements; Urban Folklore Conference; Correspondence; Textual records,"Bloomington, Indiana",Richard Dorson,Internal correspondence to faculty members of the IU Folklore department about the upcoming 1977 Urban Folklore Conference at IU.,Box 5,"Conference Announcements, Publicity",Indiana University Archives,
32,image0211.jpg,Memo Addressed to the Urban Studies Committee About 1977 Urban Folklore Conference,image/jpeg,,,1977-08-11,Notices & Advertisements; Urban Folklore Conference; Correspondence; Textual records,"Bloomington, Indiana",Richard Dorson,"Memo addressed to the Urban Folklore Committee, which enclosed the announcement of the 1977 Urban Folklore Conference at IU for interested members to RSVP.",Box 5,"Conference Announcements, Publicity",Indiana University Archives,
33,1977_urban_folklore_conf_transcript.pdf,Transcript of the 1977 Urban Folklore Conference,application/pdf,,,1977-09-02,Transcripts; Urban Folklore Conference; Gallery; Textual records,"Bloomington, Indiana",Susan Cooper,A transcript of discussions held on the first day of the 1977 Urban Folklore Conference at IU between multiple distinguished attendees.,Box 5,Conference - Gary Project Urban Folklore,Indiana University Archives,
34,image0245.jpg,"""Ethnic Prides"", Newspaper Clipping",image/jpeg,,,1976-06-09,Newspaper; Textual records,"Gary, Indiana",Janet Burton,"Newspaper clippings from the Post-Tribune, June 1976 discussing matters of ethnic pride and the conservation of culture, particularly of religious nature, as a diaspora in Gary, Indiana.",Box 7,III2. Ethnic Cultural Heritage,Indiana University Archives,
35,image0247.jpg,"""Jewish women, To kick off fund-raiser with kibbutz supper"", Newspaper Clipping",image/jpeg,,,1976-03-07,Newspaper; Textual records,"Gary, Indiana",Janet Burton,"Newspaper clippings from the Post-Tribune, March 1976, announcing an upcoming fundraiser led by a group of Jewish women that will provide a group dinner, or ""kibbutz"".",Box 7,III3. Ethnic Foods,Indiana University Archives,
36,image0248.jpg,"""Jewish holiday an eight-day feast, Variety of dishes served during Chanukah"", Newspaper Clipping",image/jpeg,,,,Newspaper; Textual records,"Gary, Indiana",Janet Burton,"Newspaper clippings from the Post-Tribune, unknown date, describing recipes for the sorts of dishes being prepared by local Jewish women during the Jewish holiday of Chanukah.",Box 7,III3. Ethnic Foods,Indiana University Archives,
37,image0249.jpg,"""in a Woman's World, Christmas In the Kitchen"", Newspaper Clipping",image/jpeg,,,1975-12-17,Newspaper; Textual records,"Gary, Indiana",Janet Burton,"Newspaper clippings from the Post-Tribune, December 1975, describing recipes for the sorts of pastries being served at an upcoming bakesale at the local American-Macedonian church for Christmas.",Box 7,III3. Ethnic Foods,Indiana University Archives,
38,image0252.jpg,"Newspaper Clipping, Unknown Title",image/jpeg,,,,Newspaper; Textual records,"Gary, Indiana",Janet Burton,"Newspaper clippings from the Post-Tribune, unknown date, describing recipes for the sorts of pastries being served at an upcoming bake-sale at the local American-Macedonian church for Christmas.",Box 7,III3. Ethnic Foods,Indiana University Archives,
39,image0253.jpg,"""Easter Food To Be Blessed"", Newspaper Clipping",image/jpeg,,,1976-04-16,Newspaper; Textual records,"Gary, Indiana",Janet Burton,"Newspaper clippings from the Post-Tribune, April 1976, describing the culturally significant Polish practice of blessing Easter food.",Box 7,III3. Ethnic Foods,Indiana University Archives,
40,image0254.jpg,"Newspaper Clipping, Unknown Title",image/jpeg,,,,Newspaper; Textual records,"Gary, Indiana",Janet Burton,"Newspaper clippings from the Post-Tribune, unknown date, describing recipes from local Eastern European women.",Box 7,III3. Ethnic Foods,Indiana University Archives,
41,image0255.jpg,"""paper thin strudel"", Newspaper Clipping",image/jpeg,,,,Newspaper; Textual records,"Gary, Indiana",Janet Burton,"Newspaper clippings from the Post-Tribune, unknown date, with pastry recipes from Amelia Drvodalich, a local Croatian woman, such as cheese strudels.",Box 7,III3. Ethnic Foods,Indiana University Archives,
42,image0257.jpg,"""There will be music, dancing, and paper thin strudel"", Newspaper Clipping",image/jpeg,,,1975-08-06,Newspaper; Textual records,"Gary, Indiana",Janet Burton,"Newspaper clippings from the Post-Tribune, August 1975, announcing the upcoming ""Croatian Day"" holiday and how local Croatians will celebrate.",Box 7,III3. Ethnic Foods,Indiana University Archives,
43,image0259.jpg,"Newspaper Clipping, Unknown Title",image/jpeg,,,,Newspaper; Textual records,"Gary, Indiana",Janet Burton,"Newspaper clippings from the Post-Tribune, unknown date, showcasing the various preparations and upcoming festivities for the celebration of ""Croatian Day"".",Box 7,III3. Ethnic Foods,Indiana University Archives,
44,image0261.jpg,"Newspaper Clipping, Unknown Title",image/jpeg,,,,Newspaper; Textual records,"Gary, Indiana",Janet Burton,"Newspaper clippings from the Post-Tribune, unknown date, showcasing the strudel dough prepared by local women in preparation for ""Croatian Day"".",Box 7,III3. Ethnic Foods,Indiana University Archives,
45,image0262.jpg,"""Polish picnic to be this weekend"", Newspaper Clipping",image/jpeg,,,1975-08-23,Newspaper; Textual records,"Gary, Indiana",Janet Burton,"Newspaper clippings from the Post-Tribune, August 1975, advertising an upcoming Polish Festival and some of the dishes that will be served.",Box 7,III3. Ethnic Foods,Indiana University Archives,
46,image0263.jpg,"""Food important part of nation's heritage"", Newspaper Clipping",image/jpeg,,,,Newspaper; Textual records,"Gary, Indiana",Janet Burton,"Newspaper clippings from the Post-Tribune, unknown date, sharing a few of the many recipes being prepared by local families in observance of the Bicentennial celebrations.",Box 7,III3. Ethnic Foods,Indiana University Archives,
47,gary_festival_of_ethnic_music_and_food.pdf,Brochure from the Gary Festival of Ethnic Music and Food 1976,application/pdf,,,1976-07-11,Brochure; Bicentennial; Textual records,"Gary, Indiana",Unknown Creator,"A brochure for the joint celebration of the US Bicentennial and the Gary Festival of Ethnic Music and Food, 1976.",Box 7,III1C. Mixed Ethnic (Bicentennial Celebrations),Indiana University Archives,
48,image0242.jpg,"""Colonial Arts, Crafts Festival to kick off Bicentennial events"", Newspaper Clipping",image/jpeg,,,,Newspaper; Bicentennial; Textual records,"Gary, Indiana",Janet Burton,"Newspaper clippings from the Post-Tribune, unknown date, announcing the upcoming celebrations for the Bicentennial planned by the Hobart Tri Kappas at the Hobart Branch of the American Association of University Women.",Box 7,III1C. Mixed Ethnic (Bicentennial Celebrations),Indiana University Archives,
49,image0243.jpg,"""Love of Youth Inspires Bicentennial Work"", Newspaper Clipping",image/jpeg,,,1976-12-06,Newspaper; Bicentennial; Textual records,"Gary, Indiana",Richard Farrant,"Newspaper clippings from the Times of Northwest Indiana, December 1976, highlighting local John Bowlby and his excitement and contributions toward the celebrations of the Bicentennial.",Box 7,III1C. Mixed Ethnic (Bicentennial Celebrations),Indiana University Archives,
50,image0244.jpg,"""To salute Bicentennial with art fair"", Newspaper Clipping",image/jpeg,,,1976-07-23,Newspaper; Bicentennial; Textual records,"Gary, Indiana",Unknown Creator,"Newspaper clippings from the Post-Tribune, July 1976, highlighting some of the local happenings to celebrate the upcoming Bicentennial.",Box 7,III1C. Mixed Ethnic (Bicentennial Celebrations),Indiana University Archives,
51,image0280.jpg,"""Bicentennial reminder"", Newspaper Clipping",image/jpeg,,,1975-12-05,Newspaper; Bicentennial; Textual records,"Gary, Indiana",Unknown Creator,"Newspaper clippings from the Post-Tribune, December 1975, announcing that Gary, Indiana has been designated as a Bicentennial City by the American Revolution Bicentennial Administration.",Box 7,IX1. Gary History,Indiana University Archives,
52,image0281.jpg,"""Henry has vivid memories of early Gary"", Newspaper Clipping",image/jpeg,,,1976-07-11,Newspaper; Bicentennial; Textual records,"Gary, Indiana",Donelle Weiss,"Newspaper clippings from the Post-Tribune, July 1976, telling the story of 91-year-old Frank Henry, a long-time resident of Gary since 1910.",Box 7,IX1. Gary History,Indiana University Archives,
53,image0283.jpg,"""Gary history wrapped up for Council members"", Newspaper Clipping",image/jpeg,,,1976-06-02,Newspaper; Bicentennial; Textual records,"Gary, Indiana",Unknown Creator,"Newspaper clippings from the Post-Tribune, June 1976, telling the history of the city of Gary, through the towns, hamlets, and villages that formed the city.",Box 7,IX1. Gary History,Indiana University Archives,
54,image0284.jpg,"""Early settler in area helped mail go through"", Newspaper Clipping",image/jpeg,,,1976-06-21,Newspaper; Textual records,"Gary, Indiana",Unknown Creator,"Newspaper clippings from the Post-Tribune, June 1976, telling the story of Jesse Morgan, the first white settler of Chesterton, Indiana in 1833. Pictured are 3 generations of direct male descendants of Jesse Morgan.",Box 7,IX1. Gary History,Indiana University Archives,
55,image0264.jpg,"""Periodico en Espanol Descontinua Su Publicacion"", Newspaper Clipping",image/jpeg,,,1976-01-02,Newspaper; El Alma Latina; Textual records,"Gary, Indiana",F. Maya,"Newspaper clippings from El Alma Latina, January 1976, announcing that Northwest Indiana's ""La Voz"", a monthly newspaper published entirely in Spanish, will be discontinuing due to lack of financial interest and available labor.",Box 7,VI5. Columns - El Alma Latina,Indiana University Archives,
56,image0273.jpg,"""Sale Primer Numero de Boletin Bilingue"", Newspaper Clipping",image/jpeg,,,,Newspaper; El Alma Latina; Textual records,"Gary, Indiana",F. Maya,"Newspaper clippings from El Alma Latina, unknown date, with no English translation. The article covers students fighting for the right to bilingual education programs in Spanish & English.",Box 7,VI5. Columns - El Alma Latina,Indiana University Archives,
57,image0275.jpg,"""Fishermen Super-Superstitious"", Newspaper Clipping",image/jpeg,,,1976-03-14,Newspaper; Occupations; Textual records,"Gary, Indiana",Rolla Williams,"Newspaper clippings from the Times of Northwest Indiana, March 1976, telling of the many superstitions observed by commercial fishermen.",Box 7,"VII6. Themes, Occupations",Indiana University Archives,
58,image0277.jpg,"""'Pipes by Lator' are so popular Griffith operation is expanding"", Newspaper Clipping",image/jpeg,,,,Newspaper; Occupations; Textual records,"Gary, Indiana",Tom Stundza,Newspaper clippings sharing the story of a local humidor and the great success of their family business.,Box 7,"VII6. Themes, Occupations",Indiana University Archives,
59,image0278.jpg,Collection of Newspaper Clippings Showcasing Local Trades,image/jpeg,,,1975,Newspaper; Occupations; Textual records,"Gary, Indiana",Unknown Creator,"Various newspaper clippings from the Post-Tribune showcasing the myriad occupations and trades practiced by locals of the Gary, Indiana area. Articles are from 1975 and 1976, showcasing trades such as carpentary, artistry, and bookbinding.",Box 7,"VII6. Themes, Occupations",Indiana University Archives,
60,image0279.jpg,"""Hail Wipes Out Vegetable Farmer"", Newspaper Clipping",image/jpeg,,,1976-07-01,Newspaper; Occupations; Textual records,"Gary, Indiana",Unknown Creator,"Newspaper clippings from the Times of Northwest Indiana, July 1976, sharing the story of William and Donald Scheeringa, father-and-son vegetable farmers. Their ""near-perfect"" harvest was ruined by a major hail storm over their farm.",Box 7,"VII6. Themes, Occupations",Indiana University Archives,
61,20251120_211656693_iOS.heic,"""Introducing our people: they make us what we are."", Newspaper Clippings",image/heic,,,1976-09-09,Newspaper; Occupations; Steel; Textual records,"Gary, Indiana",Unknown Creator,"Newspaper clippings from the Post-Tribune, September 1976, showing an advertisement from USS Tubing Specialties. The company is a Gary-local steel manufacturer that specializes in steel tubing, such as ""bearing races to hydraulic cylinders to hypodermic needles"".",Box 7,VIII. Steel Industry,Indiana University Archives,
62,image0287.jpg,"""Republic expands bar operation in Gary"", Newspaper Clippings",image/jpeg,,,1976-01-25,Newspaper; Occupations; Textual records,"Gary, Indiana",Unknown Creator,"Newspaper clippings from the Post-Tribune, January 1976, speaking on the new multi-million dollar cold finished steel bar mill in Gary, run by Republic Steel Corporation. The article talks on the capabilities of the mill, some of the machines they have in-house, and gives a brief history of the ownership.",Box 7,VIII. Steel Industry,Indiana University Archives,
63,image0288.jpg,"""Strikes harsh blow to Gary economy"", Newspaper Clippings",image/jpeg,,,1975-09-28,Newspaper; Occupations; Steel; Textual records,"Gary, Indiana",James B. Lane,"Newspaper clippings from the Post-Tribune, September 1975, covering the local steel industry's strikes and labor unions and the effect they are having on the economy.",Box 7,VIII. Steel Industry,Indiana University Archives,
64,image0289.jpg,"""Problems, progress for Inland Steel"", Newspaper Clippings",image/jpeg,,,1976-01-25,Newspaper; Occupations; Steel; Textual records,"Gary, Indiana",Unknown Creator,"Newspaper clippings from the Post-Tribune, January 1976, discussing the challenges faced by local steel manufacturer ""Inland Steel"", citing issues such as labor shortages, rising costs of operation, and restricted access to raw resources. Also included are environmentally friendly initiatives and a $1B+ expansion program.",Box 7,VIII. Steel Industry,Indiana University Archives,
65,image0291.jpg,"""'76 steel outlook is good"", Newspaper Clippings",image/jpeg,,,1976-01-25,Newspaper; Occupations; Steel; Textual records,"Gary, Indiana",Frederick C. Langenberg,"Newspaper clippings from the Post-Tribune, January 1976, displaying sentiments from then-president of the American Iron and Steel Institute, Frederick C. Langenberg. Langenberg explains their belief in the bright future of domestic steel. A suggestion is also made that efforts to reduce pollutants at steel mills may actually increase net-production of pollutants into the atmosphere.",Box 7,VIII. Steel Industry,Indiana University Archives,
66,image0292.jpg,"""Gate City new steel tenant"", Newspaper Clippings",image/jpeg,,,1976-01-25,Newspaper; Occupations; Steel; Textual records,"Gary, Indiana",Unknown Creator,"Newspaper clippings from the Post-Tribune, January 1976, discussing the Gate City Steel mill in Gary. The column speaks about the prosperity of the mill, the locations of some of the other Gate City mills, and new developments at the mill.",Box 7,VIII. Steel Industry,Indiana University Archives,
67,image0293.jpg,"""See Steel In Action!"", Newspaper Clippings",image/jpeg,,,1976-07-15,Newspaper; Occupations; Notices & Advertisements; Steel; Textual records,"Gary, Indiana",Unknown Creator,"Newspaper clippings from the Post-Tribune, July 1976, advertising an opportunity to come ""see steel in action"" at the USS Gary Works Bicentennial open house event.",Box 7,VIII. Steel Industry,Indiana University Archives,
68,image0295.jpg,"""Meet the Steelmaking Pros of Youngstown"", Newspaper Clippings",image/jpeg,,,1976-08-05,Newspaper; Occupations; Steel; Textual records,"Gary, Indiana",Unknown Creator,"Newspaper clippings from the Times of Northwest Indiana, August 1976, advertising the Youngstown Sheet & Tube Company, a steel mill in the Gary area.",Box 7,VIII. Steel Industry,Indiana University Archives,
69,image0296.jpg,"""U.S. Steel Gary Works Establishes World Record"", Newspaper Clippings",image/jpeg,,,1976-04-05,Newspaper; Occupations; Steel; Textual records,"Gary, Indiana",Unknown Creator,"Newspaper clippings from the Times of Northwest Indiana, April 1976, celebrating the world-record 300-millionth ton of steel produced. It was a record set that day by the local USS Gary Works steel mill.",Box 7,VIII. Steel Industry,Indiana University Archives,
70,image0297.jpg,"""Gary Works will close three polluting batteries"", Newspaper Clippings",image/jpeg,,,1975-11-20,Newspaper; Occupations; Steel; Textual records,"Gary, Indiana",Unknown Creator,"Newspaper clippings from the Post-Tribune, November 1975, announcing the upcoming deprecations of batteries at the USS Gary Works steel mill. The closures are being done to reduce pollution. Another column discusses the juxtaposition of both pride and shame Northwest Indiana feels towards its steel mills, both for its pollution output and its contribution to the nation's economy.",Box 7,VIII. Steel Industry,Indiana University Archives,
71,image0300.jpg,Collection of Newspaper Clippings Showcasing Booming Steel Industry in Gary,image/jpeg,,,1976,Newspaper; Occupations; Steel; Textual records,"Gary, Indiana",Unknown Creator,"Various newspaper clippings from the Post-Tribune and the Times of Northwest Indiana, covering stories about Gary's steel industry and its forecasts of continued growth.",Box 7,VIII. Steel Industry,Indiana University Archives,
72,image0301.jpg,"""Ex-Gary man first black Steelworker executive"", Newspaper Clippings",image/jpeg,,,1976-09-03,Newspaper; Occupations; Steel; Textual records,"Gary, Indiana",Unknown Creator,"Newspaper clippings from the Post-Tribune, September 1976, celebrating the first-ever black executive in the steel industry, Leon Lynch. Lynch, a Gary native, started work in the industry at the Youngstown steel mill in 1956 and now serves as an executive on the worker's union in Memphis, Tennessee.",Box 7,VIII. Steel Industry,Indiana University Archives,
73,https://media.dlib.indiana.edu/media_objects/kk91gk66v,"Copy of Tape 14: Jennie's, Oct. 3, 1975 Croatian band Rukoine, summary by C. Edwards",record,,,1975-10-03,"Audio-Visual; ""Jenny's"" Film;","Gary, Indiana",C. Edwards; Rukoine,"This features performances of a Croatian band called Rukoine at a restaurant called ""Jennie's Restaurant"". A conversation with individuals at the restaurant is also included. Please note that due to copyright restrictions for audio-visual material, links to the Indiana University’s Media Collections Online will be available for specifically audio-visual material.",,,Indiana University Archives,
74,https://media.dlib.indiana.edu/media_objects/nk323c58m,"Copy of Tape 20: Oct. 14, 1975 Vojislav Rajkovich gusle songs, transcribed by Mary Stevens",record,,,1975-10-14,Audio-Visual; Music;,"Gary, Indiana",Vojislav Rajkovich; Mary Stevens,"Interview with retired Serbian steelworker, Vojislav Rajkovich, where he discusses his life, celebrations, and performed gusle songs. Please note that due to copyright restrictions for audio-visual material, links to the Indiana University’s Media Collections Online will be available for specifically audio-visual material.",,,Indiana University Archives,
75,https://media.dlib.indiana.edu/media_objects/qj72q7503,"Copy of Tape 32: Serbian Hall dance music for cola Nov. 2, 1975",record,,,1975-11-02,Audio-Visual; Music;,"Gary, Indiana",George Rapaichi; Merry Weed,"This features Serbian Hall dance music and performances and an interview with George Rapaichi, who discusses his life and relation to Serbian traditions, history, and music. Please note that due to copyright restrictions for audio-visual material, links to the Indiana University’s Media Collections Online will be available for specifically audio-visual material.",,,Indiana University Archives,
76,https://media.dlib.indiana.edu/media_objects/cr56p1015,Food Tape #1. Rough Cuts (Vidutis),record,,,,Audio-Visual;,"Gary, Indiana",Richard Vidutis,"Video showcasing the food of various cultures and locations. Please note that due to copyright restrictions for audio-visual material, links to the Indiana University’s Media Collections Online will be available for specifically audio-visual material.",,,Indiana University Archives,
77,https://media.dlib.indiana.edu/media_objects/bv73d008g,Gusle and Tamburitza. Singer of Tales. (March) FOR NEH,record,,,,Audio-Visual; Music;,"Gary, Indiana",Richard March,"This docufilm showcases the Gusle and Tamburitza, Serbian/Croatian instruments and music within the Gary, IN area. Please note that due to copyright restrictions for audio-visual material, links to the Indiana University’s Media Collections Online will be available for specifically audio-visual material.",,,Indiana University Archives,
78,https://media.dlib.indiana.edu/media_objects/2f75s6776,Lithuanian Folk Culture Final #2 (Vidutis/Wachs),record,,,,Audio-Visual;,"Gary, Indiana",Richard Vidutis; Wachs,"This is the final, unedited video showcasing Cindy as she creates and carves Lithuanian Easter eggs called margučiai, Lithuanian songs, parades, dance, and religious woodworking. Please note that due to copyright restrictions for audio-visual material, links to the Indiana University’s Media Collections Online will be available for specifically audio-visual material.",,,Indiana University Archives,
79,https://media.dlib.indiana.edu/media_objects/9k420f24f,"Tape 7: Calumet region, Banks, Hammond Culture Festival Sept. 6, 1975, transcribed by Roger Beatty",record,,,1975-09-06,Audio-Visual;,"Hammond, Indiana",Ken Banks; Diane Banks; Roger Beatty,"In part 1 of the tape, Ken Banks describes his life experiences living in his home in Gary. In part 2, Beatty records the audio of the Hammond Culture Festival, including Lithuanian music and dances. Please note that due to copyright restrictions for audio-visual material, links to the Indiana University’s Media Collections Online will be available for specifically audio-visual material.",,,Indiana University Archives,
80,https://media.dlib.indiana.edu/media_objects/rf5606759,"#39, Teatro Desengano del Pueblo , June 6, 1976",record,,,1976-06-06,Audio-Visual; Music,"Gary, Indiana",Teatro Desengaño del Pueblo,"This shows theater and music performances in East Chicago and Gary, IN by the group, Teatro Desengaño del Pueblo. Please note that due to copyright restrictions for audio-visual material, links to the Indiana University’s Media Collections Online will be available for specifically audio-visual material.",,,Indiana University Archives,
81,,"Oral History: Inta Carpenter, Life Story",,,,2026-02-25,Oral History,,Julie Stout,,,,Indiana University Archives,gnnRUBytmvA
82,,"Oral History: Inta Carpenter, About the Project",,,,2026-03-06,Oral History,,Julie Stout,,,,Indiana University Archives,aBL-j9Ut8VU
83,,"Oral History: Inta Carpenter, About Richard Dorson",,,,2026-03-06,Oral History,,Julie Stout,,,,Indiana University Archives,eTIEzxc7oiI
84,,"Oral History: John Hasse, Life History",,,,2026-03-13,Oral History,,Julie Stout,,,,Indiana University Archives,u71Q3_GwyIs
85,,"Oral History: John Hasse, About the Project",,,,2026-03-18,Oral History,,Julie Stout,,,,Indiana University Archives,vNLcjeivCtA
86,,"Oral History: Richard March, Life History",,,,2026-03-06,Oral History,,Julie Stout,,,,Indiana University Archives,rbdFL0eTbgQ
87,,"Oral History: Richard March, About the Project",,,,2026-03-09,Oral History,,Julie Stout,,,,Indiana University Archives,1slTW8PXEJI
88,,"Oral History: Richard March, About Richard Dorson",,,,2026-03-12,Oral History,,Julie Stout,,,,Indiana University Archives,mhfLKJ4YK4w
89,,"Oral History: Thomas Adler, Life History",,,,2026-03-20,Oral History,,Julie Stout,,,,Indiana University Archives,_O3VyUptDYM
90,,"Oral History: Thomas Adler, About the Project",,,,2026-03-26,Oral History,,Julie Stout,,,,Indiana University Archives,YCdMI1QC7w8
91,,"Oral History: Thomas Adler, About Richard Dorson",,,,2026-03-26,Oral History,,Julie Stout,,,,Indiana University Archives,wDHsy2m0Iy4
92,,"Oral History: Richard Vidutis, Life History",,,,2026-03-20,Oral History,,Julie Stout,,,,Indiana University Archives,e-ibNDcZb-4
93,,"Oral History: Richard Vidutis, About the Project",,,,2026-03-26,Oral History,,Julie Stout,,,,Indiana University Archives,tw10dqjdfN8
94,,"Oral History: Richard Vidutis, About Richard Dorson",,,,2026-03-26,Oral History,,Julie Stout,,,,Indiana University Archives,uwW6z1V_4As
95,adler-project-publication.pdf,Hardware and Software in the Urban Field,application/pdf,,,1976,Textual records,"Gary, Indiana",Thomas Adler,,1,Manuscript Folder 1,Indiana University Northwest Archives,
96,arechiga.pdf,"Narrative About La Llorona, Part 1",application/pdf,,,1976-01-26,Oral History,"Gary, Indiana",Philip George,,1,Excerpts Folder 21,Indiana University Northwest Archives,
97,arechiga_bride.pdf,"Narrative About La Llorona, Part 2",application/pdf,,,1976-01-26,Oral History,"Gary, Indiana",Philip George,,1,Excerpts Folder 21,Indiana University Northwest Archives,
98,la_llorona.pdf,"Narrative About La Llorona, Part 3",application/pdf,,,1976-01-26,Oral History,"Gary, Indiana",Philip George,,1,Excerpts Folder 21,Indiana University Northwest Archives,
99,menello.pdf,La Fiesta Guadalupana and the Benediction of the Roses,application/pdf,,,1976-01-26,Oral History,"Gary, Indiana",Philip George,,1,Excerpts Folder 21,Indiana University Northwest Archives,
100,polish_easter.pdf,Anecdotes on Polish Easter Traditions,application/pdf,,,1975-11-24,Oral History,"Gary, Indiana",Angela Maniak,,1,Excerpts Folder 21,Indiana University Northwest Archives,
101,image0410.jpg,Xerox Folklore from the Region,image/jpeg,,,1977,Field photography,"Gary, Indiana",Thomas Adler,,1,Folder 1,Indiana University Northwest Archives,
102,image0411.jpg,"Woman Vendor, Flea Market",image/jpeg,,,1977,Field photography,"Gary, Indiana",Thomas Adler,,1,Folder 1,Indiana University Northwest Archives,
103,image0412.jpg,The Old Man Who Stands by the Beauty Spot Restaurant,image/jpeg,,,1977,Field photography,"Gary, Indiana",Thomas Adler,,1,Folder 1,Indiana University Northwest Archives,
104,image0413.jpg,Tarailo Family Serbian Slava (Nick Tarailo on Guitar),image/jpeg,,,1977,Field photography,"Gary, Indiana",Richard Vidutis,,1,Folder 1,Indiana University Northwest Archives,
105,image0414.jpg,Jennie Regan,image/jpeg,,,1977,Field photography,"Gary, Indiana",John Hasse,,1,Folder 1,Indiana University Northwest Archives,
106,image0415.jpg,Tambura Band Twenties and Thirties,image/jpeg,,,1977,Field photography,"Gary, Indiana",Richard March,,1,Folder 4,Indiana University Northwest Archives,
107,image0416.jpg,Gary Croatian Tamburitzas,image/jpeg,,,1977,Field photography,"Gary, Indiana",Richard March,,1,Folder 4,Indiana University Northwest Archives,
108,image0417.jpg,"Drina Band - Milan Opacich, Mel Dokich",image/jpeg,,,1977,Field photography,"Gary, Indiana",Richard March,,1,Folder 4,Indiana University Northwest Archives,
109,image0419.jpg,Basic Oxygen Process (BOP) Shop at U.S. Steel,image/jpeg,,,1981,Field photography,"Gary, Indiana",Richard Dorson,,1,Folder 5,Indiana University Northwest Archives,
110,image0420.jpg,Railroad Siding,image/jpeg,,,1981,Field photography,"Hammond, Indiana",Richard Dorson,,1,Folder 5,Indiana University Northwest Archives,
111,image0421.jpg,Refinery Towers,image/jpeg,,,1981,Field photography,"Hammond, Indiana",Richard Dorson,,1,Folder 5,Indiana University Northwest Archives,
112,image0422.jpg,Railroad Tracks Leading to a Refinery in Whiting,image/jpeg,,,1981,Field photography,"Whiting, Indiana",Richard Dorson,,1,Folder 5,Indiana University Northwest Archives,
113,image0423.jpg,"""Nick"" - Owner Acropol Store, Broadway, Gary circa 1976",image/jpeg,,,1981,Field photography,"Gary, Indiana",Richard Dorson,,1,Folder 5,Indiana University Northwest Archives,
114,image0424.jpg,Greater Gary Community Choir Warming Up,image/jpeg,,,1981,Field photography,"Gary, Indiana",John Hasse,"The Greater Gary Community Choir warming up on Broadway in Gary, Indiana prior to a performance at the New Spirit of Lane Church (B46 B'Way)",1,Folder 5,Indiana University Northwest Archives,
115,image0425.jpg,Melnic Storefront,image/jpeg,,,1976,Field photography,"Gary, Indiana",Gilbert Cooley,"The Melnic shop in Gary, Indiana. This shop specialized in catering to individuals that practiced hoodoo.",1,Folder 5,Indiana University Northwest Archives,
116,image0426.jpg,Jeffries Place Iconography and Rev. Kirby Jeffries,image/jpeg,,,1976,Field photography,"Gary, Indiana",Gilbert Cooley,,1,Folder 5,Indiana University Northwest Archives,
117,image0427.jpg,Jeffries Place,image/jpeg,,,1976,Field photography,"Gary, Indiana",Gilbert Cooley,,1,Folder 5,Indiana University Northwest Archives,
,,Medicines and Remedies in Melnic,image/jpeg,,,1976,Field photography,"Gary, Indiana",Gilbert Cooley,"An image of assorted medications and remedies sold by Melnic, a hoodoo store in Gary, Indiana.",1,Folder 5,Indiana University Northwest Archives,